Package,LibPath,Version,Priority,Built
abind,/Library/Frameworks/R.framework/Versions/3.3/Resources/library,1.4-5,NA,3.3.0
acepack,/Library/Frameworks/R.framework/Versions/3.3/Resources/library,1.4.1,NA,3.3.0
akima,/Library/Frameworks/R.framework/Versions/3.3/Resources/library,0.6-2,NA,3.3.2
assertthat,/Library/Frameworks/R.framework/Versions/3.3/Resources/library,0.2.0,NA,3.3.2
backports,/Library/Frameworks/R.framework/Versions/3.3/Resources/library,1.1.2,NA,3.3.2
BART,/Library/Frameworks/R.framework/Versions/3.3/Resources/library,1.3,NA,3.3.2
base,/Library/Frameworks/R.framework/Versions/3.3/Resources/library,3.3.3,base,3.3.3
base64enc,/Library/Frameworks/R.framework/Versions/3.3/Resources/library,0.1-3,NA,3.3.0
bayesplot,/Library/Frameworks/R.framework/Versions/3.3/Resources/library,1.4.0,NA,3.3.2
bdsmatrix,/Library/Frameworks/R.framework/Versions/3.3/Resources/library,1.3-3,NA,3.3.2
BH,/Library/Frameworks/R.framework/Versions/3.3/Resources/library,1.65.0-1,NA,3.3.2
bindr,/Library/Frameworks/R.framework/Versions/3.3/Resources/library,0.1,NA,3.3.2
bindrcpp,/Library/Frameworks/R.framework/Versions/3.3/Resources/library,0.2,NA,3.3.2
bitops,/Library/Frameworks/R.framework/Versions/3.3/Resources/library,1.0-6,NA,3.3.0
boot,/Library/Frameworks/R.framework/Versions/3.3/Resources/library,1.3-20,recommended,3.3.2
brew,/Library/Frameworks/R.framework/Versions/3.3/Resources/library,1.0-6,NA,3.3.0
broom,/Library/Frameworks/R.framework/Versions/3.3/Resources/library,0.4.3,NA,3.3.2
callr,/Library/Frameworks/R.framework/Versions/3.3/Resources/library,2.0.1,NA,3.3.3
car,/Library/Frameworks/R.framework/Versions/3.3/Resources/library,2.1-6,NA,3.3.2
caTools,/Library/Frameworks/R.framework/Versions/3.3/Resources/library,1.17.1,NA,3.3.0
CBPS,/Library/Frameworks/R.framework/Versions/3.3/Resources/library,0.12,NA,3.3.0
ccber,/Library/Frameworks/R.framework/Versions/3.3/Resources/library,0.1.0,NA,3.3.3
cellranger,/Library/Frameworks/R.framework/Versions/3.3/Resources/library,1.1.0,NA,3.3.0
checkmate,/Library/Frameworks/R.framework/Versions/3.3/Resources/library,1.8.5,NA,3.3.2
chemometrics,/Library/Frameworks/R.framework/Versions/3.3/Resources/library,1.4.2,NA,3.3.2
class,/Library/Frameworks/R.framework/Versions/3.3/Resources/library,7.3-14,recommended,3.3.3
cli,/Library/Frameworks/R.framework/Versions/3.3/Resources/library,1.0.0,NA,3.3.2
clipr,/Library/Frameworks/R.framework/Versions/3.3/Resources/library,0.4.0,NA,3.3.2
clisymbols,/Library/Frameworks/R.framework/Versions/3.3/Resources/library,1.2.0,NA,3.3.2
cluster,/Library/Frameworks/R.framework/Versions/3.3/Resources/library,2.0.6,recommended,3.3.2
coda,/Library/Frameworks/R.framework/Versions/3.3/Resources/library,0.19-1,NA,3.3.2
codetools,/Library/Frameworks/R.framework/Versions/3.3/Resources/library,0.2-15,recommended,3.3.3
colorspace,/Library/Frameworks/R.framework/Versions/3.3/Resources/library,1.3-2,NA,3.3.2
colourpicker,/Library/Frameworks/R.framework/Versions/3.3/Resources/library,1.0,NA,3.3.2
commonmark,/Library/Frameworks/R.framework/Versions/3.3/Resources/library,1.4,NA,3.3.2
compiler,/Library/Frameworks/R.framework/Versions/3.3/Resources/library,3.3.3,base,3.3.3
covr,/Library/Frameworks/R.framework/Versions/3.3/Resources/library,3.0.1,NA,3.3.2
crayon,/Library/Frameworks/R.framework/Versions/3.3/Resources/library,1.3.4,NA,3.3.2
crosstalk,/Library/Frameworks/R.framework/Versions/3.3/Resources/library,1.0.0,NA,3.3.2
cubature,/Library/Frameworks/R.framework/Versions/3.3/Resources/library,1.3-11,NA,3.3.2
curl,/Library/Frameworks/R.framework/Versions/3.3/Resources/library,3.1,NA,3.3.2
data.table,/Library/Frameworks/R.framework/Versions/3.3/Resources/library,1.10.4-3,NA,3.3.2
datasets,/Library/Frameworks/R.framework/Versions/3.3/Resources/library,3.3.3,base,3.3.3
DBI,/Library/Frameworks/R.framework/Versions/3.3/Resources/library,0.7,NA,3.3.2
dbplyr,/Library/Frameworks/R.framework/Versions/3.3/Resources/library,1.2.0,NA,3.3.3
debugme,/Library/Frameworks/R.framework/Versions/3.3/Resources/library,1.1.0,NA,3.3.2
deldir,/Library/Frameworks/R.framework/Versions/3.3/Resources/library,0.1-14,NA,3.3.2
DEoptimR,/Library/Frameworks/R.framework/Versions/3.3/Resources/library,1.0-8,NA,3.3.2
desc,/Library/Frameworks/R.framework/Versions/3.3/Resources/library,1.1.1,NA,3.3.2
designmatch,/Library/Frameworks/R.framework/Versions/3.3/Resources/library,0.3.0,NA,3.3.2
devtools,/Library/Frameworks/R.framework/Versions/3.3/Resources/library,1.13.4,NA,3.3.2
dichromat,/Library/Frameworks/R.framework/Versions/3.3/Resources/library,2.0-0,NA,3.3.0
digest,/Library/Frameworks/R.framework/Versions/3.3/Resources/library,0.6.15,NA,3.3.3
dirmult,/Library/Frameworks/R.framework/Versions/3.3/Resources/library,0.1.3-4,NA,3.3.0
doParallel,/Library/Frameworks/R.framework/Versions/3.3/Resources/library,1.0.11,NA,3.3.2
dotCall64,/Library/Frameworks/R.framework/Versions/3.3/Resources/library,0.9-5.2,NA,3.3.3
dplyr,/Library/Frameworks/R.framework/Versions/3.3/Resources/library,0.7.4,NA,3.3.2
DT,/Library/Frameworks/R.framework/Versions/3.3/Resources/library,0.3,NA,3.3.3
dygraphs,/Library/Frameworks/R.framework/Versions/3.3/Resources/library,1.1.1.4,NA,3.3.2
e1071,/Library/Frameworks/R.framework/Versions/3.3/Resources/library,1.6-8,NA,3.3.2
enc,/Library/Frameworks/R.framework/Versions/3.3/Resources/library,0.1,NA,3.3.2
entropy,/Library/Frameworks/R.framework/Versions/3.3/Resources/library,1.2.1,NA,3.3.0
estimability,/Library/Frameworks/R.framework/Versions/3.3/Resources/library,1.2,NA,3.3.2
evaluate,/Library/Frameworks/R.framework/Versions/3.3/Resources/library,0.10.1,NA,3.3.2
expm,/Library/Frameworks/R.framework/Versions/3.3/Resources/library,0.999-2,NA,3.3.2
fastICA,/Library/Frameworks/R.framework/Versions/3.3/Resources/library,1.2-1,NA,3.3.2
fftwtools,/Library/Frameworks/R.framework/Versions/3.3/Resources/library,0.9-8,NA,3.3.2
forcats,/Library/Frameworks/R.framework/Versions/3.3/Resources/library,0.2.0,NA,3.3.2
foreach,/Library/Frameworks/R.framework/Versions/3.3/Resources/library,1.4.4,NA,3.3.2
foreign,/Library/Frameworks/R.framework/Versions/3.3/Resources/library,0.8-69,recommended,3.3.2
formatR,/Library/Frameworks/R.framework/Versions/3.3/Resources/library,1.5,NA,3.3.2
Formula,/Library/Frameworks/R.framework/Versions/3.3/Resources/library,1.2-2,NA,3.3.2
fs,/Library/Frameworks/R.framework/Versions/3.3/Resources/library,1.1.0,NA,3.3.3
gam,/Library/Frameworks/R.framework/Versions/3.3/Resources/library,1.14-4,NA,3.3.2
gbm,/Library/Frameworks/R.framework/Versions/3.3/Resources/library,2.1.3,NA,3.3.2
gdata,/Library/Frameworks/R.framework/Versions/3.3/Resources/library,2.18.0,NA,3.3.2
gdtools,/Library/Frameworks/R.framework/Versions/3.3/Resources/library,0.1.6,NA,3.3.2
geosphere,/Library/Frameworks/R.framework/Versions/3.3/Resources/library,1.5-7,NA,3.3.2
GGally,/Library/Frameworks/R.framework/Versions/3.3/Resources/library,1.3.2,NA,3.3.2
ggplot2,/Library/Frameworks/R.framework/Versions/3.3/Resources/library,2.2.1,NA,3.3.2
ggplot2movies,/Library/Frameworks/R.framework/Versions/3.3/Resources/library,0.0.1,NA,3.3.0
gh,/Library/Frameworks/R.framework/Versions/3.3/Resources/library,1.0.1,NA,3.3.3
git2r,/Library/Frameworks/R.framework/Versions/3.3/Resources/library,0.21.0,NA,3.3.2
glue,/Library/Frameworks/R.framework/Versions/3.3/Resources/library,1.2.0,NA,3.3.2
gmodels,/Library/Frameworks/R.framework/Versions/3.3/Resources/library,2.16.2,NA,3.3.0
gmp,/Library/Frameworks/R.framework/Versions/3.3/Resources/library,0.5-13.1,NA,3.3.2
goftest,/Library/Frameworks/R.framework/Versions/3.3/Resources/library,1.1-1,NA,3.3.2
gpbalancer,/Library/Frameworks/R.framework/Versions/3.3/Resources/library,0.1.0,NA,3.3.3
gpexperiments,/Library/Frameworks/R.framework/Versions/3.3/Resources/library,0.1.0,NA,3.3.3
graphics,/Library/Frameworks/R.framework/Versions/3.3/Resources/library,3.3.3,base,3.3.3
grDevices,/Library/Frameworks/R.framework/Versions/3.3/Resources/library,3.3.3,base,3.3.3
grid,/Library/Frameworks/R.framework/Versions/3.3/Resources/library,3.3.3,base,3.3.3
gridBase,/Library/Frameworks/R.framework/Versions/3.3/Resources/library,0.4-7,NA,3.3.0
gridExtra,/Library/Frameworks/R.framework/Versions/3.3/Resources/library,2.3,NA,3.3.2
gsl,/Library/Frameworks/R.framework/Versions/3.3/Resources/library,1.9-10.3,NA,3.3.2
gtable,/Library/Frameworks/R.framework/Versions/3.3/Resources/library,0.2.0,NA,3.3.0
gtools,/Library/Frameworks/R.framework/Versions/3.3/Resources/library,3.5.0,NA,3.3.0
gurobi,/Library/Frameworks/R.framework/Versions/3.3/Resources/library,7.0-2,NA,3.3.1
haven,/Library/Frameworks/R.framework/Versions/3.3/Resources/library,1.1.1,NA,3.3.3
here,/Library/Frameworks/R.framework/Versions/3.3/Resources/library,0.1,NA,3.3.2
hexbin,/Library/Frameworks/R.framework/Versions/3.3/Resources/library,1.27.2,NA,3.3.3
highlight,/Library/Frameworks/R.framework/Versions/3.3/Resources/library,0.4.7.2,NA,3.3.2
highlite,/Library/Frameworks/R.framework/Versions/3.3/Resources/library,0.0.0.9000,NA,3.3.3
highr,/Library/Frameworks/R.framework/Versions/3.3/Resources/library,0.6,NA,3.3.0
Hmisc,/Library/Frameworks/R.framework/Versions/3.3/Resources/library,4.1-1,NA,3.3.2
hms,/Library/Frameworks/R.framework/Versions/3.3/Resources/library,0.4.1,NA,3.3.3
htmlTable,/Library/Frameworks/R.framework/Versions/3.3/Resources/library,1.11.2,NA,3.3.3
htmltools,/Library/Frameworks/R.framework/Versions/3.3/Resources/library,0.3.6,NA,3.3.2
htmlwidgets,/Library/Frameworks/R.framework/Versions/3.3/Resources/library,1.0,NA,3.3.3
httpuv,/Library/Frameworks/R.framework/Versions/3.3/Resources/library,1.3.5,NA,3.3.2
httr,/Library/Frameworks/R.framework/Versions/3.3/Resources/library,1.3.1,NA,3.3.2
ibdreg,/Library/Frameworks/R.framework/Versions/3.3/Resources/library,0.2.5,NA,3.3.0
ica,/Library/Frameworks/R.framework/Versions/3.3/Resources/library,1.0-1,NA,3.3.0
ids,/Library/Frameworks/R.framework/Versions/3.3/Resources/library,1.0.1,NA,3.3.2
igraph,/Library/Frameworks/R.framework/Versions/3.3/Resources/library,1.1.2,NA,3.3.2
ini,/Library/Frameworks/R.framework/Versions/3.3/Resources/library,0.3.0,NA,3.3.2
inline,/Library/Frameworks/R.framework/Versions/3.3/Resources/library,0.3.14,NA,3.3.0
intergraph,/Library/Frameworks/R.framework/Versions/3.3/Resources/library,2.0-2,NA,3.3.0
intervals,/Library/Frameworks/R.framework/Versions/3.3/Resources/library,0.15.1,NA,3.3.0
irlba,/Library/Frameworks/R.framework/Versions/3.3/Resources/library,2.3.2,NA,3.3.3
iterators,/Library/Frameworks/R.framework/Versions/3.3/Resources/library,1.0.9,NA,3.3.2
jsonlite,/Library/Frameworks/R.framework/Versions/3.3/Resources/library,1.5,NA,3.3.2
KernSmooth,/Library/Frameworks/R.framework/Versions/3.3/Resources/library,2.23-15,recommended,3.3.3
knitr,/Library/Frameworks/R.framework/Versions/3.3/Resources/library,1.18,NA,3.3.2
labeling,/Library/Frameworks/R.framework/Versions/3.3/Resources/library,0.3,NA,3.3.0
lars,/Library/Frameworks/R.framework/Versions/3.3/Resources/library,1.2,NA,3.3.0
lattice,/Library/Frameworks/R.framework/Versions/3.3/Resources/library,0.20-35,recommended,3.3.2
latticeExtra,/Library/Frameworks/R.framework/Versions/3.3/Resources/library,0.6-28,NA,3.3.0
lazyeval,/Library/Frameworks/R.framework/Versions/3.3/Resources/library,0.2.1,NA,3.3.2
lazyrmd,/Library/Frameworks/R.framework/Versions/3.3/Resources/library,0.2.0,NA,3.3.0
LearnBayes,/Library/Frameworks/R.framework/Versions/3.3/Resources/library,2.15,NA,3.3.0
lme4,/Library/Frameworks/R.framework/Versions/3.3/Resources/library,1.1-15,NA,3.3.2
lmtest,/Library/Frameworks/R.framework/Versions/3.3/Resources/library,0.9-35,NA,3.3.2
locfit,/Library/Frameworks/R.framework/Versions/3.3/Resources/library,1.5-9.1,NA,3.3.0
loo,/Library/Frameworks/R.framework/Versions/3.3/Resources/library,1.1.0,NA,3.3.2
lookup,/Library/Frameworks/R.framework/Versions/3.3/Resources/library,0.0.0.9000,NA,3.3.3
lsmeans,/Library/Frameworks/R.framework/Versions/3.3/Resources/library,2.27-61,NA,3.3.2
lubridate,/Library/Frameworks/R.framework/Versions/3.3/Resources/library,1.7.1,NA,3.3.2
magrittr,/Library/Frameworks/R.framework/Versions/3.3/Resources/library,1.5,NA,3.3.0
mapproj,/Library/Frameworks/R.framework/Versions/3.3/Resources/library,1.2-5,NA,3.3.2
maps,/Library/Frameworks/R.framework/Versions/3.3/Resources/library,3.2.0,NA,3.3.2
maptools,/Library/Frameworks/R.framework/Versions/3.3/Resources/library,0.9-2,NA,3.3.2
markdown,/Library/Frameworks/R.framework/Versions/3.3/Resources/library,0.8,NA,3.3.2
MASS,/Library/Frameworks/R.framework/Versions/3.3/Resources/library,7.3-48,recommended,3.3.2
Matching,/Library/Frameworks/R.framework/Versions/3.3/Resources/library,4.9-2,NA,3.3.0
MatchIt,/Library/Frameworks/R.framework/Versions/3.3/Resources/library,3.0.2,NA,3.3.2
Matrix,/Library/Frameworks/R.framework/Versions/3.3/Resources/library,1.2-12,recommended,3.3.2
matrixcalc,/Library/Frameworks/R.framework/Versions/3.3/Resources/library,1.0-3,NA,3.3.0
MatrixModels,/Library/Frameworks/R.framework/Versions/3.3/Resources/library,0.4-1,NA,3.3.0
matrixStats,/Library/Frameworks/R.framework/Versions/3.3/Resources/library,0.53.0,NA,3.3.3
maxLik,/Library/Frameworks/R.framework/Versions/3.3/Resources/library,1.3-4,NA,3.3.0
mclust,/Library/Frameworks/R.framework/Versions/3.3/Resources/library,5.4,NA,3.3.2
memisc,/Library/Frameworks/R.framework/Versions/3.3/Resources/library,0.99.14.9,NA,3.3.2
memoise,/Library/Frameworks/R.framework/Versions/3.3/Resources/library,1.1.0,NA,3.3.3
methods,/Library/Frameworks/R.framework/Versions/3.3/Resources/library,3.3.3,base,3.3.3
mgcv,/Library/Frameworks/R.framework/Versions/3.3/Resources/library,1.8-23,recommended,3.3.3
microbenchmark,/Library/Frameworks/R.framework/Versions/3.3/Resources/library,1.4-4,NA,3.3.3
mime,/Library/Frameworks/R.framework/Versions/3.3/Resources/library,0.5,NA,3.3.0
miniUI,/Library/Frameworks/R.framework/Versions/3.3/Resources/library,0.1.1,NA,3.3.0
minqa,/Library/Frameworks/R.framework/Versions/3.3/Resources/library,1.2.4,NA,3.3.0
miscTools,/Library/Frameworks/R.framework/Versions/3.3/Resources/library,0.6-22,NA,3.3.2
mnormt,/Library/Frameworks/R.framework/Versions/3.3/Resources/library,1.5-5,NA,3.3.0
modelr,/Library/Frameworks/R.framework/Versions/3.3/Resources/library,0.1.1,NA,3.3.2
multcomp,/Library/Frameworks/R.framework/Versions/3.3/Resources/library,1.4-8,NA,3.3.2
munsell,/Library/Frameworks/R.framework/Versions/3.3/Resources/library,0.4.3,NA,3.3.0
mvtnorm,/Library/Frameworks/R.framework/Versions/3.3/Resources/library,1.0-7,NA,3.3.3
network,/Library/Frameworks/R.framework/Versions/3.3/Resources/library,1.13.0,NA,3.3.0
nlme,/Library/Frameworks/R.framework/Versions/3.3/Resources/library,3.1-131,recommended,3.3.3
nloptr,/Library/Frameworks/R.framework/Versions/3.3/Resources/library,1.0.4,NA,3.3.0
NMF,/Library/Frameworks/R.framework/Versions/3.3/Resources/library,0.20.6,NA,3.3.0
nnet,/Library/Frameworks/R.framework/Versions/3.3/Resources/library,7.3-12,recommended,3.3.3
np,/Library/Frameworks/R.framework/Versions/3.3/Resources/library,0.60-6,NA,3.3.3
numDeriv,/Library/Frameworks/R.framework/Versions/3.3/Resources/library,2016.8-1,NA,3.3.0
openssl,/Library/Frameworks/R.framework/Versions/3.3/Resources/library,0.9.9,NA,3.3.2
packagedocs,/Library/Frameworks/R.framework/Versions/3.3/Resources/library,0.4.0,NA,3.3.0
packrat,/Library/Frameworks/R.framework/Versions/3.3/Resources/library,0.4.8-1,NA,3.3.0
parallel,/Library/Frameworks/R.framework/Versions/3.3/Resources/library,3.3.3,base,3.3.3
pbkrtest,/Library/Frameworks/R.framework/Versions/3.3/Resources/library,0.4-7,NA,3.3.2
pcaPP,/Library/Frameworks/R.framework/Versions/3.3/Resources/library,1.9-73,NA,3.3.3
pillar,/Library/Frameworks/R.framework/Versions/3.3/Resources/library,1.1.0,NA,3.3.3
pkgconfig,/Library/Frameworks/R.framework/Versions/3.3/Resources/library,2.0.1,NA,3.3.2
pkgKitten,/Library/Frameworks/R.framework/Versions/3.3/Resources/library,0.1.4,NA,3.3.2
pkgmaker,/Library/Frameworks/R.framework/Versions/3.3/Resources/library,0.22,NA,3.3.0
PKI,/Library/Frameworks/R.framework/Versions/3.3/Resources/library,0.1-5.1,NA,3.3.2
plm,/Library/Frameworks/R.framework/Versions/3.3/Resources/library,1.6-6,NA,3.3.2
plogr,/Library/Frameworks/R.framework/Versions/3.3/Resources/library,0.1-1,NA,3.3.0
pls,/Library/Frameworks/R.framework/Versions/3.3/Resources/library,2.6-0,NA,3.3.2
plyr,/Library/Frameworks/R.framework/Versions/3.3/Resources/library,1.8.4,NA,3.3.0
polyclip,/Library/Frameworks/R.framework/Versions/3.3/Resources/library,1.6-1,NA,3.3.2
pracma,/Library/Frameworks/R.framework/Versions/3.3/Resources/library,2.1.1,NA,3.3.2
praise,/Library/Frameworks/R.framework/Versions/3.3/Resources/library,1.0.0,NA,3.3.0
prettyunits,/Library/Frameworks/R.framework/Versions/3.3/Resources/library,1.0.2,NA,3.3.0
ProDenICA,/Library/Frameworks/R.framework/Versions/3.3/Resources/library,1.0,NA,3.3.0
profvis,/Library/Frameworks/R.framework/Versions/3.3/Resources/library,0.3.4,NA,3.3.2
progress,/Library/Frameworks/R.framework/Versions/3.3/Resources/library,1.1.2,NA,3.3.2
psych,/Library/Frameworks/R.framework/Versions/3.3/Resources/library,1.7.8,NA,3.3.3
purrr,/Library/Frameworks/R.framework/Versions/3.3/Resources/library,0.2.4,NA,3.3.2
quadprog,/Library/Frameworks/R.framework/Versions/3.3/Resources/library,1.5-5,NA,3.3.0
quantreg,/Library/Frameworks/R.framework/Versions/3.3/Resources/library,5.34,NA,3.3.2
R6,/Library/Frameworks/R.framework/Versions/3.3/Resources/library,2.2.2,NA,3.3.2
RandomFields,/Library/Frameworks/R.framework/Versions/3.3/Resources/library,3.1.50,NA,3.3.2
RandomFieldsUtils,/Library/Frameworks/R.framework/Versions/3.3/Resources/library,0.3.25,NA,3.3.2
rbenchmark,/Library/Frameworks/R.framework/Versions/3.3/Resources/library,1.0.0,NA,3.3.0
RColorBrewer,/Library/Frameworks/R.framework/Versions/3.3/Resources/library,1.1-2,NA,3.3.0
Rcpp,/Library/Frameworks/R.framework/Versions/3.3/Resources/library,0.12.15,NA,3.3.3
RcppArmadillo,/Library/Frameworks/R.framework/Versions/3.3/Resources/library,0.8.300.1.0,NA,3.3.2
RcppEigen,/Library/Frameworks/R.framework/Versions/3.3/Resources/library,0.3.3.3.1,NA,3.3.2
RcppParallel,/Library/Frameworks/R.framework/Versions/3.3/Resources/library,4.3.20,NA,3.3.0
RCurl,/Library/Frameworks/R.framework/Versions/3.3/Resources/library,1.95-4.10,NA,3.3.2
readr,/Library/Frameworks/R.framework/Versions/3.3/Resources/library,1.1.1,NA,3.3.2
readxl,/Library/Frameworks/R.framework/Versions/3.3/Resources/library,1.0.0,NA,3.3.2
registry,/Library/Frameworks/R.framework/Versions/3.3/Resources/library,0.5,NA,3.3.2
rematch,/Library/Frameworks/R.framework/Versions/3.3/Resources/library,1.0.1,NA,3.3.0
rematch2,/Library/Frameworks/R.framework/Versions/3.3/Resources/library,2.0.1,NA,3.3.2
repr,/Library/Frameworks/R.framework/Versions/3.3/Resources/library,0.12.0,NA,3.3.2
reprex,/Library/Frameworks/R.framework/Versions/3.3/Resources/library,0.1.2,NA,3.3.3
reshape,/Library/Frameworks/R.framework/Versions/3.3/Resources/library,0.8.7,NA,3.3.2
reshape2,/Library/Frameworks/R.framework/Versions/3.3/Resources/library,1.4.3,NA,3.3.2
rex,/Library/Frameworks/R.framework/Versions/3.3/Resources/library,1.1.2,NA,3.3.2
Rglpk,/Library/Frameworks/R.framework/Versions/3.3/Resources/library,0.6-3,NA,3.3.2
rJava,/Library/Frameworks/R.framework/Versions/3.3/Resources/library,0.9-9,NA,3.3.2
RJSONIO,/Library/Frameworks/R.framework/Versions/3.3/Resources/library,1.3-0,NA,3.3.0
rlang,/Library/Frameworks/R.framework/Versions/3.3/Resources/library,0.1.6,NA,3.3.2
rmarkdown,/Library/Frameworks/R.framework/Versions/3.3/Resources/library,1.8,NA,3.3.2
Rmpfr,/Library/Frameworks/R.framework/Versions/3.3/Resources/library,0.6-1,NA,3.3.2
rngtools,/Library/Frameworks/R.framework/Versions/3.3/Resources/library,1.2.4,NA,3.3.0
robustbase,/Library/Frameworks/R.framework/Versions/3.3/Resources/library,0.92-8,NA,3.3.2
roxygen2,/Library/Frameworks/R.framework/Versions/3.3/Resources/library,6.0.1,NA,3.3.2
rpanel,/Library/Frameworks/R.framework/Versions/3.3/Resources/library,1.1-3,NA,3.3.0
rpart,/Library/Frameworks/R.framework/Versions/3.3/Resources/library,4.1-12,recommended,3.3.3
rprojroot,/Library/Frameworks/R.framework/Versions/3.3/Resources/library,1.3-2,NA,3.3.2
rsconnect,/Library/Frameworks/R.framework/Versions/3.3/Resources/library,0.8.5,NA,3.3.2
rstan,/Library/Frameworks/R.framework/Versions/3.3/Resources/library,2.17.3,NA,3.3.3
rstudioapi,/Library/Frameworks/R.framework/Versions/3.3/Resources/library,0.7,NA,3.3.2
RUnit,/Library/Frameworks/R.framework/Versions/3.3/Resources/library,0.4.31,NA,3.3.0
rvest,/Library/Frameworks/R.framework/Versions/3.3/Resources/library,0.3.2,NA,3.3.0
sandwich,/Library/Frameworks/R.framework/Versions/3.3/Resources/library,2.4-0,NA,3.3.2
scagnostics,/Library/Frameworks/R.framework/Versions/3.3/Resources/library,0.2-4,NA,3.3.0
scales,/Library/Frameworks/R.framework/Versions/3.3/Resources/library,0.5.0,NA,3.3.2
selectr,/Library/Frameworks/R.framework/Versions/3.3/Resources/library,0.3-1,NA,3.3.2
sfsmisc,/Library/Frameworks/R.framework/Versions/3.3/Resources/library,1.1-1,NA,3.3.2
shiny,/Library/Frameworks/R.framework/Versions/3.3/Resources/library,1.0.5,NA,3.3.2
shinyjs,/Library/Frameworks/R.framework/Versions/3.3/Resources/library,1.0,NA,3.3.2
shinystan,/Library/Frameworks/R.framework/Versions/3.3/Resources/library,2.4.0,NA,3.3.2
shinythemes,/Library/Frameworks/R.framework/Versions/3.3/Resources/library,1.1.1,NA,3.3.0
slam,/Library/Frameworks/R.framework/Versions/3.3/Resources/library,0.1-40,NA,3.3.2
sm,/Library/Frameworks/R.framework/Versions/3.3/Resources/library,2.2-5.4,NA,3.3.0
sna,/Library/Frameworks/R.framework/Versions/3.3/Resources/library,2.4,NA,3.3.0
som,/Library/Frameworks/R.framework/Versions/3.3/Resources/library,0.3-5.1,NA,3.3.0
sourcetools,/Library/Frameworks/R.framework/Versions/3.3/Resources/library,0.1.6,NA,3.3.2
sp,/Library/Frameworks/R.framework/Versions/3.3/Resources/library,1.2-7,NA,3.3.3
spam,/Library/Frameworks/R.framework/Versions/3.3/Resources/library,2.1-2,NA,3.3.2
SparseM,/Library/Frameworks/R.framework/Versions/3.3/Resources/library,1.77,NA,3.3.2
spatial,/Library/Frameworks/R.framework/Versions/3.3/Resources/library,7.3-11,recommended,3.3.3
spatstat,/Library/Frameworks/R.framework/Versions/3.3/Resources/library,1.54-0,NA,3.3.2
spatstat.data,/Library/Frameworks/R.framework/Versions/3.3/Resources/library,1.2-0,NA,3.3.2
spatstat.utils,/Library/Frameworks/R.framework/Versions/3.3/Resources/library,1.8-0,NA,3.3.2
spData,/Library/Frameworks/R.framework/Versions/3.3/Resources/library,0.2.6.9,NA,3.3.2
spdep,/Library/Frameworks/R.framework/Versions/3.3/Resources/library,0.7-4,NA,3.3.2
sphet,/Library/Frameworks/R.framework/Versions/3.3/Resources/library,1.6,NA,3.3.0
splines,/Library/Frameworks/R.framework/Versions/3.3/Resources/library,3.3.3,base,3.3.3
splm,/Library/Frameworks/R.framework/Versions/3.3/Resources/library,1.4-10,NA,3.3.2
StanHeaders,/Library/Frameworks/R.framework/Versions/3.3/Resources/library,2.17.2,NA,3.3.3
statnet.common,/Library/Frameworks/R.framework/Versions/3.3/Resources/library,4.0.0,NA,3.3.2
stats,/Library/Frameworks/R.framework/Versions/3.3/Resources/library,3.3.3,base,3.3.3
stats4,/Library/Frameworks/R.framework/Versions/3.3/Resources/library,3.3.3,base,3.3.3
stringi,/Library/Frameworks/R.framework/Versions/3.3/Resources/library,1.1.6,NA,3.3.2
stringr,/Library/Frameworks/R.framework/Versions/3.3/Resources/library,1.2.0,NA,3.3.3
styler,/Library/Frameworks/R.framework/Versions/3.3/Resources/library,1.0.0,NA,3.3.2
survey,/Library/Frameworks/R.framework/Versions/3.3/Resources/library,3.33,NA,3.3.3
survival,/Library/Frameworks/R.framework/Versions/3.3/Resources/library,2.41-3,recommended,3.3.2
svglite,/Library/Frameworks/R.framework/Versions/3.3/Resources/library,1.2.1,NA,3.3.2
tcltk,/Library/Frameworks/R.framework/Versions/3.3/Resources/library,3.3.3,base,3.3.3
tensor,/Library/Frameworks/R.framework/Versions/3.3/Resources/library,1.5,NA,3.3.0
testthat,/Library/Frameworks/R.framework/Versions/3.3/Resources/library,2.0.0,NA,3.3.2
TH.data,/Library/Frameworks/R.framework/Versions/3.3/Resources/library,1.0-8,NA,3.3.2
threejs,/Library/Frameworks/R.framework/Versions/3.3/Resources/library,0.3.1,NA,3.3.2
tibble,/Library/Frameworks/R.framework/Versions/3.3/Resources/library,1.4.2,NA,3.3.3
tidyr,/Library/Frameworks/R.framework/Versions/3.3/Resources/library,0.7.2,NA,3.3.2
tidyselect,/Library/Frameworks/R.framework/Versions/3.3/Resources/library,0.2.3,NA,3.3.2
tidyverse,/Library/Frameworks/R.framework/Versions/3.3/Resources/library,1.2.1,NA,3.3.3
tkrplot,/Library/Frameworks/R.framework/Versions/3.3/Resources/library,0.0-23,NA,3.3.0
tools,/Library/Frameworks/R.framework/Versions/3.3/Resources/library,3.3.3,base,3.3.3
truncnorm,/Library/Frameworks/R.framework/Versions/3.3/Resources/library,1.0-7,NA,3.3.0
twang,/Library/Frameworks/R.framework/Versions/3.3/Resources/library,1.5,NA,3.3.2
usethis,/Library/Frameworks/R.framework/Versions/3.3/Resources/library,1.2.0,NA,3.3.3
utf8,/Library/Frameworks/R.framework/Versions/3.3/Resources/library,1.1.3,NA,3.3.2
utils,/Library/Frameworks/R.framework/Versions/3.3/Resources/library,3.3.3,base,3.3.3
uuid,/Library/Frameworks/R.framework/Versions/3.3/Resources/library,0.1-2,NA,3.3.0
viridis,/Library/Frameworks/R.framework/Versions/3.3/Resources/library,0.4.1,NA,3.3.2
viridisLite,/Library/Frameworks/R.framework/Versions/3.3/Resources/library,0.2.0,NA,3.3.2
whisker,/Library/Frameworks/R.framework/Versions/3.3/Resources/library,0.3-2,NA,3.3.0
withr,/Library/Frameworks/R.framework/Versions/3.3/Resources/library,2.1.1,NA,3.3.2
xml2,/Library/Frameworks/R.framework/Versions/3.3/Resources/library,1.1.1,NA,3.3.2
xtable,/Library/Frameworks/R.framework/Versions/3.3/Resources/library,1.8-2,NA,3.3.0
xts,/Library/Frameworks/R.framework/Versions/3.3/Resources/library,0.10-1,NA,3.3.2
yaml,/Library/Frameworks/R.framework/Versions/3.3/Resources/library,2.1.16,NA,3.3.2
zoo,/Library/Frameworks/R.framework/Versions/3.3/Resources/library,1.8-1,NA,3.3.2
